TCGA-AO-A03M_1.3.6.1.4.1.14519.5.2.1.9203.4002.112423030568957082578123456874,0.173596948,1.786818216,-0.103130589,1.2272098,-0.970789594,-0.997524867,-0.619747834,0.224758469,2.829761478,-0.836722748,-0.209319825,0.440977224,-0.189684135,-0.17400984,2.437277308,57.28983037,-7.997076812
TCGA-AO-A03M_1.3.6.1.4.1.14519.5.2.1.9203.4002.193499689386770689211199603682,0.173596948,1.786818216,-0.103130589,1.2272098,-0.970789594,-0.997524867,-0.619747834,0.224758469,2.829761478,-0.836722748,-0.209319825,0.440977224,-0.189684135,-0.17400984,2.437277308,57.28983037,-7.997076812
TCGA-AO-A03M_1.3.6.1.4.1.14519.5.2.1.9203.4002.228435425181225378503234490297,0.173596948,1.786818216,-0.103130589,1.2272098,-0.970789594,-0.997524867,-0.619747834,0.224758469,2.829761478,-0.836722748,-0.209319825,0.440977224,-0.189684135,-0.17400984,2.437277308,57.28983037,-7.997076812
TCGA-AO-A03M_1.3.6.1.4.1.14519.5.2.1.9203.4002.248253412869892897948991929221,0.173596948,1.786818216,-0.103130589,1.2272098,-0.970789594,-0.997524867,-0.619747834,0.224758469,2.829761478,-0.836722748,-0.209319825,0.440977224,-0.189684135,-0.17400984,2.437277308,57.28983037,-7.997076812
TCGA-AO-A03M_1.3.6.1.4.1.14519.5.2.1.9203.4002.277167521634486945131875825174,0.173596948,1.786818216,-0.103130589,1.2272098,-0.970789594,-0.997524867,-0.619747834,0.224758469,2.829761478,-0.836722748,-0.209319825,0.440977224,-0.189684135,-0.17400984,2.437277308,57.28983037,-7.997076812
TCGA-AO-A03M_1.3.6.1.4.1.14519.5.2.1.9203.4002.968176437755076605598557347150,0.173596948,1.786818216,-0.103130589,1.2272098,-0.970789594,-0.997524867,-0.619747834,0.224758469,2.829761478,-0.836722748,-0.209319825,0.440977224,-0.189684135,-0.17400984,2.437277308,57.28983037,-7.997076812
TCGA-AO-A0JI_1.3.6.1.4.1.14519.5.2.1.9203.4002.115495544730113615407489736518,-0.85639859,0.173209568,-0.234068491,-0.638965927,-0.944845137,-1.898896863,-1.025271475,0.802396566,3.202653256,0.705859607,0.793986462,0.982632333,-0.118586839,-0.700996537,0.416255474,56.036309,-9.745083755
TCGA-AO-A0JI_1.3.6.1.4.1.14519.5.2.1.9203.4002.121711240237852036041501966971,-0.85639859,0.173209568,-0.234068491,-0.638965927,-0.944845137,-1.898896863,-1.025271475,0.802396566,3.202653256,0.705859607,0.793986462,0.982632333,-0.118586839,-0.700996537,0.416255474,56.036309,-9.745083755
TCGA-AO-A0JI_1.3.6.1.4.1.14519.5.2.1.9203.4002.246000845477490232289350799213,-0.85639859,0.173209568,-0.234068491,-0.638965927,-0.944845137,-1.898896863,-1.025271475,0.802396566,3.202653256,0.705859607,0.793986462,0.982632333,-0.118586839,-0.700996537,0.416255474,56.036309,-9.745083755
TCGA-AO-A0JI_1.3.6.1.4.1.14519.5.2.1.9203.4002.334182540775428733095759970217,-0.85639859,0.173209568,-0.234068491,-0.638965927,-0.944845137,-1.898896863,-1.025271475,0.802396566,3.202653256,0.705859607,0.793986462,0.982632333,-0.118586839,-0.700996537,0.416255474,56.036309,-9.745083755
TCGA-AO-A0JI_1.3.6.1.4.1.14519.5.2.1.9203.4002.541427582471953129599868121787,-0.85639859,0.173209568,-0.234068491,-0.638965927,-0.944845137,-1.898896863,-1.025271475,0.802396566,3.202653256,0.705859607,0.793986462,0.982632333,-0.118586839,-0.700996537,0.416255474,56.036309,-9.745083755
TCGA-AO-A0JM_1.3.6.1.4.1.14519.5.2.1.9203.4002.233946289939086174234023598473,-0.095869536,1.06898062,-0.323140755,1.691276901,0.959223901,0.597653164,-0.196540045,1.555874258,0.579181297,0.42265531,0.304448237,0.008249865,0.292256317,0.482781928,1.276619325,56.08977337,-5.439823773
TCGA-AO-A0JM_1.3.6.1.4.1.14519.5.2.1.9203.4002.280263564659992183756912119072,-0.095869536,1.06898062,-0.323140755,1.691276901,0.959223901,0.597653164,-0.196540045,1.555874258,0.579181297,0.42265531,0.304448237,0.008249865,0.292256317,0.482781928,1.276619325,56.08977337,-5.439823773
TCGA-AO-A0JM_1.3.6.1.4.1.14519.5.2.1.9203.4002.302052236339784643236917769729,-0.095869536,1.06898062,-0.323140755,1.691276901,0.959223901,0.597653164,-0.196540045,1.555874258,0.579181297,0.42265531,0.304448237,0.008249865,0.292256317,0.482781928,1.276619325,56.08977337,-5.439823773
TCGA-AO-A0JM_1.3.6.1.4.1.14519.5.2.1.9203.4002.308310762681120054789482343086,-0.095869536,1.06898062,-0.323140755,1.691276901,0.959223901,0.597653164,-0.196540045,1.555874258,0.579181297,0.42265531,0.304448237,0.008249865,0.292256317,0.482781928,1.276619325,56.08977337,-5.439823773
TCGA-AO-A0JM_1.3.6.1.4.1.14519.5.2.1.9203.4002.317955481542474476801685710219,-0.095869536,1.06898062,-0.323140755,1.691276901,0.959223901,0.597653164,-0.196540045,1.555874258,0.579181297,0.42265531,0.304448237,0.008249865,0.292256317,0.482781928,1.276619325,56.08977337,-5.439823773
TCGA-AO-A12E_1.3.6.1.4.1.14519.5.2.1.9203.4002.130277155167120028819494200073,-0.165879221,2.035757248,-0.065937845,-0.519181052,-0.13834958,-0.4000204,-0.383547795,0.275702737,1.594217481,-1.034611304,1.811221327,1.340217474,0.420224917,0.118989863,1.24884787,57.17329983,-7.196972191
TCGA-AO-A12E_1.3.6.1.4.1.14519.5.2.1.9203.4002.280440672132486964409612060022,-0.165879221,2.035757248,-0.065937845,-0.519181052,-0.13834958,-0.4000204,-0.383547795,0.275702737,1.594217481,-1.034611304,1.811221327,1.340217474,0.420224917,0.118989863,1.24884787,57.17329983,-7.196972191
TCGA-AO-A12E_1.3.6.1.4.1.14519.5.2.1.9203.4002.319292959228403158736163175044,-0.165879221,2.035757248,-0.065937845,-0.519181052,-0.13834958,-0.4000204,-0.383547795,0.275702737,1.594217481,-1.034611304,1.811221327,1.340217474,0.420224917,0.118989863,1.24884787,57.17329983,-7.196972191
TCGA-AO-A12E_1.3.6.1.4.1.14519.5.2.1.9203.4002.323027957830478087588483174718,-0.165879221,2.035757248,-0.065937845,-0.519181052,-0.13834958,-0.4000204,-0.383547795,0.275702737,1.594217481,-1.034611304,1.811221327,1.340217474,0.420224917,0.118989863,1.24884787,57.17329983,-7.196972191
TCGA-AO-A12E_1.3.6.1.4.1.14519.5.2.1.9203.4002.419892498370612376406090902309,-0.165879221,2.035757248,-0.065937845,-0.519181052,-0.13834958,-0.4000204,-0.383547795,0.275702737,1.594217481,-1.034611304,1.811221327,1.340217474,0.420224917,0.118989863,1.24884787,57.17329983,-7.196972191
TCGA-AO-A12E_1.3.6.1.4.1.14519.5.2.1.9203.4002.614694800881200630941195516150,-0.165879221,2.035757248,-0.065937845,-0.519181052,-0.13834958,-0.4000204,-0.383547795,0.275702737,1.594217481,-1.034611304,1.811221327,1.340217474,0.420224917,0.118989863,1.24884787,57.17329983,-7.196972191
TCGA-AO-A12E_1.3.6.1.4.1.14519.5.2.1.9203.4002.693528110198202632838302279216,-0.165879221,2.035757248,-0.065937845,-0.519181052,-0.13834958,-0.4000204,-0.383547795,0.275702737,1.594217481,-1.034611304,1.811221327,1.340217474,0.420224917,0.118989863,1.24884787,57.17329983,-7.196972191
TCGA-AO-A12G_1.3.6.1.4.1.14519.5.2.1.9203.4002.193633202495121366688264168892,-0.683838791,1.706044229,-0.405280252,0.028692173,0.699878671,0.513489729,-0.383925167,0.384059373,2.338542506,0.443617824,-0.824608929,-0.842464312,-0.268929255,-1.312985946,-0.034938727,57.18409931,-7.972372487
TCGA-AO-A12G_1.3.6.1.4.1.14519.5.2.1.9203.4002.248402203034281408676756249341,-0.683838791,1.706044229,-0.405280252,0.028692173,0.699878671,0.513489729,-0.383925167,0.384059373,2.338542506,0.443617824,-0.824608929,-0.842464312,-0.268929255,-1.312985946,-0.034938727,57.18409931,-7.972372487
TCGA-AO-A12G_1.3.6.1.4.1.14519.5.2.1.9203.4002.293354334936690599705215757074,-0.683838791,1.706044229,-0.405280252,0.028692173,0.699878671,0.513489729,-0.383925167,0.384059373,2.338542506,0.443617824,-0.824608929,-0.842464312,-0.268929255,-1.312985946,-0.034938727,57.18409931,-7.972372487
TCGA-AO-A12G_1.3.6.1.4.1.14519.5.2.1.9203.4002.483101619609433651827039924521,-0.683838791,1.706044229,-0.405280252,0.028692173,0.699878671,0.513489729,-0.383925167,0.384059373,2.338542506,0.443617824,-0.824608929,-0.842464312,-0.268929255,-1.312985946,-0.034938727,57.18409931,-7.972372487
TCGA-AO-A12G_1.3.6.1.4.1.14519.5.2.1.9203.4002.487483189411687017771914258309,-0.683838791,1.706044229,-0.405280252,0.028692173,0.699878671,0.513489729,-0.383925167,0.384059373,2.338542506,0.443617824,-0.824608929,-0.842464312,-0.268929255,-1.312985946,-0.034938727,57.18409931,-7.972372487
TCGA-AO-A12G_1.3.6.1.4.1.14519.5.2.1.9203.4002.682558953427820224658465235428,-0.683838791,1.706044229,-0.405280252,0.028692173,0.699878671,0.513489729,-0.383925167,0.384059373,2.338542506,0.443617824,-0.824608929,-0.842464312,-0.268929255,-1.312985946,-0.034938727,57.18409931,-7.972372487
TCGA-AR-A1AN_1.3.6.1.4.1.14519.5.2.1.3344.4002.129730868065773323191030490552,-0.229194132,2.02664949,0.530725856,0.746380164,0.463390874,1.166422657,0.88688463,0.321725866,2.525980694,1.062369462,1.103813737,-1.257076561,0.410396237,0.922203522,-0.853121439,57.16946372,-7.880101884
TCGA-AR-A1AN_1.3.6.1.4.1.14519.5.2.1.3344.4002.811322141275526250042173562453,-0.229194132,2.02664949,0.530725856,0.746380164,0.463390874,1.166422657,0.88688463,0.321725866,2.525980694,1.062369462,1.103813737,-1.257076561,0.410396237,0.922203522,-0.853121439,57.16946372,-7.880101884
TCGA-AR-A1AQ_1.3.6.1.4.1.14519.5.2.1.3344.4002.298037359751562809791703106256,2.379539631,1.637744597,-0.295918601,1.158332512,-0.858242973,-0.347797622,0.423131039,-1.645964811,3.843873498,0.166450379,-0.337430927,-1.485717851,-0.055576674,-0.893829046,0.059223593,57.35244345,-8.452984512
TCGA-AR-A1AQ_1.3.6.1.4.1.14519.5.2.1.3344.4002.305595410232153079624627348508,2.379539631,1.637744597,-0.295918601,1.158332512,-0.858242973,-0.347797622,0.423131039,-1.645964811,3.843873498,0.166450379,-0.337430927,-1.485717851,-0.055576674,-0.893829046,0.059223593,57.35244345,-8.452984512
TCGA-AR-A1AX_1.3.6.1.4.1.14519.5.2.1.3344.4002.206857113053280210440199820089,0.123858821,2.622462032,0.769389624,1.140884854,-1.469996859,-0.406114205,-0.648727256,-1.273326469,2.779455074,-0.778159729,-0.569140266,-0.130920209,-0.376042497,0.404814801,1.122192505,58.03786649,-6.904775036
TCGA-AR-A1AX_1.3.6.1.4.1.14519.5.2.1.3344.4002.679215024267840149510486168035,0.123858821,2.622462032,0.769389624,1.140884854,-1.469996859,-0.406114205,-0.648727256,-1.273326469,2.779455074,-0.778159729,-0.569140266,-0.130920209,-0.376042497,0.404814801,1.122192505,58.03786649,-6.904775036
TCGA-AR-A24S_1.3.6.1.4.1.14519.5.2.1.3344.4002.281135513820146969728649876114,0.185099908,2.095090481,0.921341936,1.969403881,-0.335804453,-0.131131693,-0.311353941,-0.557698206,3.178072125,0.283943687,1.142832264,-1.086529864,-1.460886311,0.071695362,-1.725153588,58.06122569,-8.302706105
TCGA-AR-A24S_1.3.6.1.4.1.14519.5.2.1.3344.4002.536875763008370795855413850056,0.185099908,2.095090481,0.921341936,1.969403881,-0.335804453,-0.131131693,-0.311353941,-0.557698206,3.178072125,0.283943687,1.142832264,-1.086529864,-1.460886311,0.071695362,-1.725153588,58.06122569,-8.302706105
TCGA-AR-A24S_1.3.6.1.4.1.14519.5.2.1.3344.4002.638969414689064586737226265329,0.185099908,2.095090481,0.921341936,1.969403881,-0.335804453,-0.131131693,-0.311353941,-0.557698206,3.178072125,0.283943687,1.142832264,-1.086529864,-1.460886311,0.071695362,-1.725153588,58.06122569,-8.302706105
TCGA-AR-A24X_1.3.6.1.4.1.14519.5.2.1.3344.4002.251277123950629242009220116383,-0.636980926,1.227582804,0.703747917,0.521866362,0.148806396,0.53853411,-0.57952419,-0.998868674,1.443020995,0.778949681,-0.91573253,-1.579229211,1.544135585,-0.316561995,-0.58808235,56.51225373,-7.413799524
TCGA-AR-A24X_1.3.6.1.4.1.14519.5.2.1.3344.4002.610653875843821716162077277659,-0.636980926,1.227582804,0.703747917,0.521866362,0.148806396,0.53853411,-0.57952419,-0.998868674,1.443020995,0.778949681,-0.91573253,-1.579229211,1.544135585,-0.316561995,-0.58808235,56.51225373,-7.413799524
TCGA-BH-A0AW_1.3.6.1.4.1.14519.5.2.1.6450.4002.106468152387639557700210328707,0.643828402,2.168144717,-0.465111477,2.16044224,-0.651490338,0.604315099,-0.417654817,1.648712544,0.987982359,-2.217283047,0.514182516,-0.837058411,-0.440483326,-0.729176794,-0.266477283,57.16576906,-6.702410106
TCGA-BH-A0AW_1.3.6.1.4.1.14519.5.2.1.6450.4002.158815656286398325429818593030,0.643828402,2.168144717,-0.465111477,2.16044224,-0.651490338,0.604315099,-0.417654817,1.648712544,0.987982359,-2.217283047,0.514182516,-0.837058411,-0.440483326,-0.729176794,-0.266477283,57.16576906,-6.702410106
TCGA-BH-A0AW_1.3.6.1.4.1.14519.5.2.1.6450.4002.243974096907720211672342351523,0.643828402,2.168144717,-0.465111477,2.16044224,-0.651490338,0.604315099,-0.417654817,1.648712544,0.987982359,-2.217283047,0.514182516,-0.837058411,-0.440483326,-0.729176794,-0.266477283,57.16576906,-6.702410106
TCGA-BH-A0AW_1.3.6.1.4.1.14519.5.2.1.6450.4002.323558822870535060163608678113,0.643828402,2.168144717,-0.465111477,2.16044224,-0.651490338,0.604315099,-0.417654817,1.648712544,0.987982359,-2.217283047,0.514182516,-0.837058411,-0.440483326,-0.729176794,-0.266477283,57.16576906,-6.702410106
TCGA-BH-A0AZ_1.3.6.1.4.1.14519.5.2.1.6450.4002.219546740301453895151785399975,-0.133911798,2.972698124,0.497619576,0.482042926,1.572280343,-0.321942489,1.20427827,-0.156273205,1.540616655,0.218437766,0.950134519,0.396148996,1.475799502,0.746901401,0.961992651,58.10170007,-7.412838382
TCGA-BH-A0AZ_1.3.6.1.4.1.14519.5.2.1.6450.4002.248127298606564580495145533200,-0.133911798,2.972698124,0.497619576,0.482042926,1.572280343,-0.321942489,1.20427827,-0.156273205,1.540616655,0.218437766,0.950134519,0.396148996,1.475799502,0.746901401,0.961992651,58.10170007,-7.412838382
TCGA-BH-A0AZ_1.3.6.1.4.1.14519.5.2.1.6450.4002.261945402295076647519767615548,-0.133911798,2.972698124,0.497619576,0.482042926,1.572280343,-0.321942489,1.20427827,-0.156273205,1.540616655,0.218437766,0.950134519,0.396148996,1.475799502,0.746901401,0.961992651,58.10170007,-7.412838382
TCGA-BH-A0AZ_1.3.6.1.4.1.14519.5.2.1.6450.4002.332970621713171407467212506616,-0.133911798,2.972698124,0.497619576,0.482042926,1.572280343,-0.321942489,1.20427827,-0.156273205,1.540616655,0.218437766,0.950134519,0.396148996,1.475799502,0.746901401,0.961992651,58.10170007,-7.412838382
TCGA-BH-A0B3_1.3.6.1.4.1.14519.5.2.1.6450.4002.178729986592395176199375330137,2.265554751,1.503582314,-0.279653141,1.318168428,0.347183446,-0.547312922,-0.102595241,-0.404586409,1.170751994,-0.683330908,0.979715036,-2.415601664,0.022001774,-0.258420931,0.194343732,57.0716764,-7.173906267
TCGA-BH-A0B3_1.3.6.1.4.1.14519.5.2.1.6450.4002.325581859742340843497462427888,2.265554751,1.503582314,-0.279653141,1.318168428,0.347183446,-0.547312922,-0.102595241,-0.404586409,1.170751994,-0.683330908,0.979715036,-2.415601664,0.022001774,-0.258420931,0.194343732,57.0716764,-7.173906267
TCGA-BH-A0B3_1.3.6.1.4.1.14519.5.2.1.6450.4002.740557890374460277594234681611,2.265554751,1.503582314,-0.279653141,1.318168428,0.347183446,-0.547312922,-0.102595241,-0.404586409,1.170751994,-0.683330908,0.979715036,-2.415601664,0.022001774,-0.258420931,0.194343732,57.0716764,-7.173906267
TCGA-BH-A0B3_1.3.6.1.4.1.14519.5.2.1.6450.4002.770486571731744558070849677170,2.265554751,1.503582314,-0.279653141,1.318168428,0.347183446,-0.547312922,-0.102595241,-0.404586409,1.170751994,-0.683330908,0.979715036,-2.415601664,0.022001774,-0.258420931,0.194343732,57.0716764,-7.173906267
TCGA-BH-A0B5_1.3.6.1.4.1.14519.5.2.1.6450.4002.104225356025519899074923349070,-0.510127959,2.031647673,0.071243283,0.44042977,0.020974841,-0.458237952,-0.577405169,-1.80995904,1.863933008,-0.482297805,-0.483054696,0.186547265,1.984889922,2.134452231,-0.07694675,57.64418911,-8.59793533
TCGA-BH-A0B5_1.3.6.1.4.1.14519.5.2.1.6450.4002.286142393033675881162537268202,-0.510127959,2.031647673,0.071243283,0.44042977,0.020974841,-0.458237952,-0.577405169,-1.80995904,1.863933008,-0.482297805,-0.483054696,0.186547265,1.984889922,2.134452231,-0.07694675,57.64418911,-8.59793533
TCGA-BH-A0B5_1.3.6.1.4.1.14519.5.2.1.6450.4002.309572959707661738709782857500,-0.510127959,2.031647673,0.071243283,0.44042977,0.020974841,-0.458237952,-0.577405169,-1.80995904,1.863933008,-0.482297805,-0.483054696,0.186547265,1.984889922,2.134452231,-0.07694675,57.64418911,-8.59793533
TCGA-BH-A0B5_1.3.6.1.4.1.14519.5.2.1.6450.4002.395901413655403469406423895192,-0.510127959,2.031647673,0.071243283,0.44042977,0.020974841,-0.458237952,-0.577405169,-1.80995904,1.863933008,-0.482297805,-0.483054696,0.186547265,1.984889922,2.134452231,-0.07694675,57.64418911,-8.59793533
TCGA-BH-A0B6_1.3.6.1.4.1.14519.5.2.1.6450.4002.128780407668246385016672553076,-0.179270865,2.522675177,-0.730335021,1.720488604,-1.583157957,0.398658279,0.353084856,0.249813648,3.239474017,0.235472007,-0.282073311,-0.076180689,0.235411303,0.870705621,1.401513456,56.99401619,-7.912067489
TCGA-BH-A0B6_1.3.6.1.4.1.14519.5.2.1.6450.4002.129711029539458143838886934003,-0.179270865,2.522675177,-0.730335021,1.720488604,-1.583157957,0.398658279,0.353084856,0.249813648,3.239474017,0.235472007,-0.282073311,-0.076180689,0.235411303,0.870705621,1.401513456,56.99401619,-7.912067489
TCGA-BH-A0B6_1.3.6.1.4.1.14519.5.2.1.6450.4002.271414016915394483643592880345,-0.179270865,2.522675177,-0.730335021,1.720488604,-1.583157957,0.398658279,0.353084856,0.249813648,3.239474017,0.235472007,-0.282073311,-0.076180689,0.235411303,0.870705621,1.401513456,56.99401619,-7.912067489
TCGA-BH-A0B6_1.3.6.1.4.1.14519.5.2.1.6450.4002.307155599168448313095635449558,-0.179270865,2.522675177,-0.730335021,1.720488604,-1.583157957,0.398658279,0.353084856,0.249813648,3.239474017,0.235472007,-0.282073311,-0.076180689,0.235411303,0.870705621,1.401513456,56.99401619,-7.912067489
TCGA-BH-A0B6_1.3.6.1.4.1.14519.5.2.1.6450.4002.323937459720131541842892304812,-0.179270865,2.522675177,-0.730335021,1.720488604,-1.583157957,0.398658279,0.353084856,0.249813648,3.239474017,0.235472007,-0.282073311,-0.076180689,0.235411303,0.870705621,1.401513456,56.99401619,-7.912067489
TCGA-BH-A0B6_1.3.6.1.4.1.14519.5.2.1.6450.4002.334961797162831542983869310000,-0.179270865,2.522675177,-0.730335021,1.720488604,-1.583157957,0.398658279,0.353084856,0.249813648,3.239474017,0.235472007,-0.282073311,-0.076180689,0.235411303,0.870705621,1.401513456,56.99401619,-7.912067489
TCGA-BH-A0BJ_1.3.6.1.4.1.14519.5.2.1.6450.4002.189587085168110510321687925367,-0.567665752,1.990497752,0.523348626,-0.171886913,0.448432131,0.134452091,0.760796502,-0.143569491,1.759416472,-0.516338309,0.970484574,-0.502470956,1.339636782,0.26994785,0.974552855,58.25497322,-6.58173471
TCGA-BH-A0BM_1.3.6.1.4.1.14519.5.2.1.6450.4002.128859542248371282811402316704,-0.53732266,2.764572318,-0.386571444,-1.497903708,0.70512372,1.060208746,0.581981993,0.462875971,2.087527101,-0.708386959,0.486538576,-0.519452891,1.434657061,0.169611373,-0.141732178,58.22347447,-7.411983056
TCGA-BH-A0BM_1.3.6.1.4.1.14519.5.2.1.6450.4002.237766690610489669480381429773,-0.53732266,2.764572318,-0.386571444,-1.497903708,0.70512372,1.060208746,0.581981993,0.462875971,2.087527101,-0.708386959,0.486538576,-0.519452891,1.434657061,0.169611373,-0.141732178,58.22347447,-7.411983056
TCGA-BH-A0BM_1.3.6.1.4.1.14519.5.2.1.6450.4002.307052064302020118691892664515,-0.53732266,2.764572318,-0.386571444,-1.497903708,0.70512372,1.060208746,0.581981993,0.462875971,2.087527101,-0.708386959,0.486538576,-0.519452891,1.434657061,0.169611373,-0.141732178,58.22347447,-7.411983056
TCGA-BH-A0BM_1.3.6.1.4.1.14519.5.2.1.6450.4002.334814351286192257242733833569,-0.53732266,2.764572318,-0.386571444,-1.497903708,0.70512372,1.060208746,0.581981993,0.462875971,2.087527101,-0.708386959,0.486538576,-0.519452891,1.434657061,0.169611373,-0.141732178,58.22347447,-7.411983056
TCGA-BH-A0BT_1.3.6.1.4.1.14519.5.2.1.6450.4002.104762472887975404987529808807,0.050214098,1.80579117,-1.335189902,1.016080093,0.674845737,-0.430188609,-1.046887001,-0.403667998,0.882331815,-1.650818982,-0.249687884,-0.860571725,-1.132438894,-0.632837647,0.658725469,57.03291766,-6.130698807
TCGA-BH-A0BT_1.3.6.1.4.1.14519.5.2.1.6450.4002.114417101970528415580732763681,0.050214098,1.80579117,-1.335189902,1.016080093,0.674845737,-0.430188609,-1.046887001,-0.403667998,0.882331815,-1.650818982,-0.249687884,-0.860571725,-1.132438894,-0.632837647,0.658725469,57.03291766,-6.130698807
TCGA-BH-A0BT_1.3.6.1.4.1.14519.5.2.1.6450.4002.282233260112386554235525512102,0.050214098,1.80579117,-1.335189902,1.016080093,0.674845737,-0.430188609,-1.046887001,-0.403667998,0.882331815,-1.650818982,-0.249687884,-0.860571725,-1.132438894,-0.632837647,0.658725469,57.03291766,-6.130698807
TCGA-BH-A0BT_1.3.6.1.4.1.14519.5.2.1.6450.4002.477790711651417342337434268783,0.050214098,1.80579117,-1.335189902,1.016080093,0.674845737,-0.430188609,-1.046887001,-0.403667998,0.882331815,-1.650818982,-0.249687884,-0.860571725,-1.132438894,-0.632837647,0.658725469,57.03291766,-6.130698807
TCGA-BH-A0C0_1.3.6.1.4.1.14519.5.2.1.6450.4002.112502060602713693431247211181,0.618892638,1.353243324,-1.094879941,2.529036545,-1.305004652,-0.357685911,-1.185622989,-1.161304277,2.743667977,-2.213233262,1.598577716,-0.119455624,-0.987947852,-0.984767749,-0.778587854,55.95304189,-7.237449759
TCGA-BH-A0C0_1.3.6.1.4.1.14519.5.2.1.6450.4002.167837583410081199729416952201,0.618892638,1.353243324,-1.094879941,2.529036545,-1.305004652,-0.357685911,-1.185622989,-1.161304277,2.743667977,-2.213233262,1.598577716,-0.119455624,-0.987947852,-0.984767749,-0.778587854,55.95304189,-7.237449759
TCGA-BH-A0C0_1.3.6.1.4.1.14519.5.2.1.6450.4002.332268429599441280829787182360,0.618892638,1.353243324,-1.094879941,2.529036545,-1.305004652,-0.357685911,-1.185622989,-1.161304277,2.743667977,-2.213233262,1.598577716,-0.119455624,-0.987947852,-0.984767749,-0.778587854,55.95304189,-7.237449759
TCGA-BH-A0C0_1.3.6.1.4.1.14519.5.2.1.6450.4002.334422932904355958199536209003,0.618892638,1.353243324,-1.094879941,2.529036545,-1.305004652,-0.357685911,-1.185622989,-1.161304277,2.743667977,-2.213233262,1.598577716,-0.119455624,-0.987947852,-0.984767749,-0.778587854,55.95304189,-7.237449759
TCGA-BH-A0DG_1.3.6.1.4.1.14519.5.2.1.6450.4002.141599859729443100002041455964,-0.117656401,2.540449752,0.579116241,1.070489605,0.19805893,0.062320282,0.29811973,0.62024465,2.098003211,-0.50689744,0.221661108,-0.280228052,0.786125999,0.263459612,1.811589297,57.75310131,-7.809971956
TCGA-BH-A0DG_1.3.6.1.4.1.14519.5.2.1.6450.4002.210457603619555949979943147271,-0.117656401,2.540449752,0.579116241,1.070489605,0.19805893,0.062320282,0.29811973,0.62024465,2.098003211,-0.50689744,0.221661108,-0.280228052,0.786125999,0.263459612,1.811589297,57.75310131,-7.809971956
TCGA-BH-A0DG_1.3.6.1.4.1.14519.5.2.1.6450.4002.225411686167713629234647594703,-0.117656401,2.540449752,0.579116241,1.070489605,0.19805893,0.062320282,0.29811973,0.62024465,2.098003211,-0.50689744,0.221661108,-0.280228052,0.786125999,0.263459612,1.811589297,57.75310131,-7.809971956
TCGA-BH-A0DG_1.3.6.1.4.1.14519.5.2.1.6450.4002.737054139381038158955312201518,-0.117656401,2.540449752,0.579116241,1.070489605,0.19805893,0.062320282,0.29811973,0.62024465,2.098003211,-0.50689744,0.221661108,-0.280228052,0.786125999,0.263459612,1.811589297,57.75310131,-7.809971956
TCGA-BH-A0DH_1.3.6.1.4.1.14519.5.2.1.6450.4002.243001414705406161441580889185,-0.672788012,0.956737496,-0.68965849,0.474518905,0.215989983,0.198689302,-0.438979051,0.116652092,2.576853006,0.16872942,1.819720793,0.188006112,0.222280919,-1.017327365,-0.098246058,56.75715148,-8.092099959
TCGA-BH-A0DH_1.3.6.1.4.1.14519.5.2.1.6450.4002.258093358940815482271515914097,-0.672788012,0.956737496,-0.68965849,0.474518905,0.215989983,0.198689302,-0.438979051,0.116652092,2.576853006,0.16872942,1.819720793,0.188006112,0.222280919,-1.017327365,-0.098246058,56.75715148,-8.092099959
TCGA-BH-A0DH_1.3.6.1.4.1.14519.5.2.1.6450.4002.300358725907813409187040240306,-0.672788012,0.956737496,-0.68965849,0.474518905,0.215989983,0.198689302,-0.438979051,0.116652092,2.576853006,0.16872942,1.819720793,0.188006112,0.222280919,-1.017327365,-0.098246058,56.75715148,-8.092099959
TCGA-BH-A0DH_1.3.6.1.4.1.14519.5.2.1.6450.4002.374663254500844547688856278836,-0.672788012,0.956737496,-0.68965849,0.474518905,0.215989983,0.198689302,-0.438979051,0.116652092,2.576853006,0.16872942,1.819720793,0.188006112,0.222280919,-1.017327365,-0.098246058,56.75715148,-8.092099959
TCGA-BH-A0DI_1.3.6.1.4.1.14519.5.2.1.6450.4002.233300195665064319341261059169,0.072889456,3.203924282,0.416041371,0.627192902,0.940252109,-0.380609223,0.828047133,0.503139631,2.784587859,-0.332397971,-0.349662416,0.39683392,0.897081895,0.235450855,1.057174966,57.65624782,-7.322117218
TCGA-BH-A0DK_1.3.6.1.4.1.14519.5.2.1.6450.4002.129017042609555546663770021436,0.337452724,2.85917056,0.005746187,1.312664667,-0.052995952,-1.140663042,0.304224053,0.612324745,3.031115993,-1.16457456,2.480038263,0.052297416,1.050851282,0.224674768,1.218848801,57.52910372,-8.336036834
TCGA-BH-A0DK_1.3.6.1.4.1.14519.5.2.1.6450.4002.141354014084526203904388366844,0.337452724,2.85917056,0.005746187,1.312664667,-0.052995952,-1.140663042,0.304224053,0.612324745,3.031115993,-1.16457456,2.480038263,0.052297416,1.050851282,0.224674768,1.218848801,57.52910372,-8.336036834
TCGA-BH-A0DK_1.3.6.1.4.1.14519.5.2.1.6450.4002.211741157499724216134444199634,0.337452724,2.85917056,0.005746187,1.312664667,-0.052995952,-1.140663042,0.304224053,0.612324745,3.031115993,-1.16457456,2.480038263,0.052297416,1.050851282,0.224674768,1.218848801,57.52910372,-8.336036834
TCGA-BH-A0DK_1.3.6.1.4.1.14519.5.2.1.6450.4002.245230033987544755096244114334,0.337452724,2.85917056,0.005746187,1.312664667,-0.052995952,-1.140663042,0.304224053,0.612324745,3.031115993,-1.16457456,2.480038263,0.052297416,1.050851282,0.224674768,1.218848801,57.52910372,-8.336036834
TCGA-BH-A0DV_1.3.6.1.4.1.14519.5.2.1.6450.4002.177247763578983748553550219613,-0.378299105,3.618105248,0.481928681,0.000341854,1.06304741,0.675612458,0.972787521,0.348549399,2.871528693,0.616409255,0.932734052,-0.312796938,1.142722384,0.283924918,-0.849247343,57.77090254,-6.534492792
TCGA-BH-A0DV_1.3.6.1.4.1.14519.5.2.1.6450.4002.214333387164182213892124714829,-0.378299105,3.618105248,0.481928681,0.000341854,1.06304741,0.675612458,0.972787521,0.348549399,2.871528693,0.616409255,0.932734052,-0.312796938,1.142722384,0.283924918,-0.849247343,57.77090254,-6.534492792
TCGA-BH-A0DV_1.3.6.1.4.1.14519.5.2.1.6450.4002.314914815229287267472841304119,-0.378299105,3.618105248,0.481928681,0.000341854,1.06304741,0.675612458,0.972787521,0.348549399,2.871528693,0.616409255,0.932734052,-0.312796938,1.142722384,0.283924918,-0.849247343,57.77090254,-6.534492792
TCGA-BH-A0DV_1.3.6.1.4.1.14519.5.2.1.6450.4002.882025345853635075244012972381,-0.378299105,3.618105248,0.481928681,0.000341854,1.06304741,0.675612458,0.972787521,0.348549399,2.871528693,0.616409255,0.932734052,-0.312796938,1.142722384,0.283924918,-0.849247343,57.77090254,-6.534492792
TCGA-BH-A0E0_1.3.6.1.4.1.14519.5.2.1.6450.4002.234063591909571744529716110786,1.566216458,0.701654474,-1.269007244,0.138486685,0.504200907,-0.671119846,-0.574953067,0.286283846,1.869007172,-1.577837515,0.873451194,-3.356173216,0.442336451,-0.676144424,-0.635933919,55.71193893,-8.722617505
TCGA-BH-A0E0_1.3.6.1.4.1.14519.5.2.1.6450.4002.252579302017078711095940196164,1.566216458,0.701654474,-1.269007244,0.138486685,0.504200907,-0.671119846,-0.574953067,0.286283846,1.869007172,-1.577837515,0.873451194,-3.356173216,0.442336451,-0.676144424,-0.635933919,55.71193893,-8.722617505
TCGA-BH-A0E0_1.3.6.1.4.1.14519.5.2.1.6450.4002.316786474333568604094921901440,1.566216458,0.701654474,-1.269007244,0.138486685,0.504200907,-0.671119846,-0.574953067,0.286283846,1.869007172,-1.577837515,0.873451194,-3.356173216,0.442336451,-0.676144424,-0.635933919,55.71193893,-8.722617505
TCGA-BH-A0E0_1.3.6.1.4.1.14519.5.2.1.6450.4002.535810826429119809314312484289,1.566216458,0.701654474,-1.269007244,0.138486685,0.504200907,-0.671119846,-0.574953067,0.286283846,1.869007172,-1.577837515,0.873451194,-3.356173216,0.442336451,-0.676144424,-0.635933919,55.71193893,-8.722617505
TCGA-BH-A0E1_1.3.6.1.4.1.14519.5.2.1.6450.4002.107599916341352298644912601942,-0.543645652,1.093311903,-0.10562782,-0.590823826,1.037279883,0.423663504,1.246146477,-0.892914355,1.324596136,-0.606400449,0.694507511,-1.128033796,1.31315282,-0.611165268,0.432268569,57.12441359,-7.964404967
TCGA-BH-A0E1_1.3.6.1.4.1.14519.5.2.1.6450.4002.151805901442673695044007547694,-0.543645652,1.093311903,-0.10562782,-0.590823826,1.037279883,0.423663504,1.246146477,-0.892914355,1.324596136,-0.606400449,0.694507511,-1.128033796,1.31315282,-0.611165268,0.432268569,57.12441359,-7.964404967
TCGA-BH-A0E1_1.3.6.1.4.1.14519.5.2.1.6450.4002.306454575372286554926005232228,-0.543645652,1.093311903,-0.10562782,-0.590823826,1.037279883,0.423663504,1.246146477,-0.892914355,1.324596136,-0.606400449,0.694507511,-1.128033796,1.31315282,-0.611165268,0.432268569,57.12441359,-7.964404967
TCGA-BH-A0E1_1.3.6.1.4.1.14519.5.2.1.6450.4002.649164988526202504352493328634,-0.543645652,1.093311903,-0.10562782,-0.590823826,1.037279883,0.423663504,1.246146477,-0.892914355,1.324596136,-0.606400449,0.694507511,-1.128033796,1.31315282,-0.611165268,0.432268569,57.12441359,-7.964404967
TCGA-BH-A0E2_1.3.6.1.4.1.14519.5.2.1.6450.4002.234560624405599553468404095452,0.275786473,1.750067161,-0.34581791,0.972695277,1.7006124,-2.662177018,-0.147700345,-0.003034832,3.172983526,-1.827324048,1.241695946,0.810045178,0.441470574,0.15079668,0.870704887,57.66031184,-9.18338143
TCGA-BH-A0E2_1.3.6.1.4.1.14519.5.2.1.6450.4002.237791401514287072675471249048,0.275786473,1.750067161,-0.34581791,0.972695277,1.7006124,-2.662177018,-0.147700345,-0.003034832,3.172983526,-1.827324048,1.241695946,0.810045178,0.441470574,0.15079668,0.870704887,57.66031184,-9.18338143
TCGA-BH-A0E2_1.3.6.1.4.1.14519.5.2.1.6450.4002.328488745836230879857753536731,0.275786473,1.750067161,-0.34581791,0.972695277,1.7006124,-2.662177018,-0.147700345,-0.003034832,3.172983526,-1.827324048,1.241695946,0.810045178,0.441470574,0.15079668,0.870704887,57.66031184,-9.18338143
TCGA-BH-A0E2_1.3.6.1.4.1.14519.5.2.1.6450.4002.332741826234958907918091601746,0.275786473,1.750067161,-0.34581791,0.972695277,1.7006124,-2.662177018,-0.147700345,-0.003034832,3.172983526,-1.827324048,1.241695946,0.810045178,0.441470574,0.15079668,0.870704887,57.66031184,-9.18338143
TCGA-BH-A0GY_1.3.6.1.4.1.14519.5.2.1.6450.4002.149710746165115364951481277866,0.6599483,1.927164799,-0.211081353,1.504228476,1.354234969,-1.922506434,-1.495024834,-1.55096687,0.672953142,-3.349496486,1.65340355,0.587448392,-2.825350571,0.293043781,0.00962521,57.06272725,-5.559246067
TCGA-BH-A0GY_1.3.6.1.4.1.14519.5.2.1.6450.4002.233223597602520653027246680779,0.6599483,1.927164799,-0.211081353,1.504228476,1.354234969,-1.922506434,-1.495024834,-1.55096687,0.672953142,-3.349496486,1.65340355,0.587448392,-2.825350571,0.293043781,0.00962521,57.06272725,-5.559246067
TCGA-BH-A0GY_1.3.6.1.4.1.14519.5.2.1.6450.4002.251546207288724470470490704806,0.6599483,1.927164799,-0.211081353,1.504228476,1.354234969,-1.922506434,-1.495024834,-1.55096687,0.672953142,-3.349496486,1.65340355,0.587448392,-2.825350571,0.293043781,0.00962521,57.06272725,-5.559246067
TCGA-BH-A0GY_1.3.6.1.4.1.14519.5.2.1.6450.4002.290146482961194553155772612134,0.6599483,1.927164799,-0.211081353,1.504228476,1.354234969,-1.922506434,-1.495024834,-1.55096687,0.672953142,-3.349496486,1.65340355,0.587448392,-2.825350571,0.293043781,0.00962521,57.06272725,-5.559246067
TCGA-BH-A0GZ_1.3.6.1.4.1.14519.5.2.1.6450.4002.167913096666458463573186719704,-0.06445019,1.825186078,-0.921287106,0.545308495,1.880055021,-1.345108902,0.348915392,-0.755942033,2.514821764,-1.91939384,1.296695165,-0.219403059,0.589241214,0.151867104,-1.034605772,58.11251085,-9.179294527
TCGA-BH-A0GZ_1.3.6.1.4.1.14519.5.2.1.6450.4002.267203515847519633055398093707,-0.06445019,1.825186078,-0.921287106,0.545308495,1.880055021,-1.345108902,0.348915392,-0.755942033,2.514821764,-1.91939384,1.296695165,-0.219403059,0.589241214,0.151867104,-1.034605772,58.11251085,-9.179294527
TCGA-BH-A0GZ_1.3.6.1.4.1.14519.5.2.1.6450.4002.310878947549128553056092135364,-0.06445019,1.825186078,-0.921287106,0.545308495,1.880055021,-1.345108902,0.348915392,-0.755942033,2.514821764,-1.91939384,1.296695165,-0.219403059,0.589241214,0.151867104,-1.034605772,58.11251085,-9.179294527
TCGA-BH-A0GZ_1.3.6.1.4.1.14519.5.2.1.6450.4002.312927409234357429603210467041,-0.06445019,1.825186078,-0.921287106,0.545308495,1.880055021,-1.345108902,0.348915392,-0.755942033,2.514821764,-1.91939384,1.296695165,-0.219403059,0.589241214,0.151867104,-1.034605772,58.11251085,-9.179294527
TCGA-BH-A0H3_1.3.6.1.4.1.14519.5.2.1.6450.4002.149653475133553801772537907473,-0.415936685,2.402988425,1.05676894,-0.380285873,0.482441165,0.341743103,0.24002759,-1.318488059,1.803254016,0.292637604,-0.400702498,-0.678439332,1.288789554,-0.524620307,-0.307562727,57.61075503,-7.519704922
TCGA-BH-A0H3_1.3.6.1.4.1.14519.5.2.1.6450.4002.179951976818334600311145925692,-0.415936685,2.402988425,1.05676894,-0.380285873,0.482441165,0.341743103,0.24002759,-1.318488059,1.803254016,0.292637604,-0.400702498,-0.678439332,1.288789554,-0.524620307,-0.307562727,57.61075503,-7.519704922
TCGA-BH-A0H3_1.3.6.1.4.1.14519.5.2.1.6450.4002.329477641715094959571831574987,-0.415936685,2.402988425,1.05676894,-0.380285873,0.482441165,0.341743103,0.24002759,-1.318488059,1.803254016,0.292637604,-0.400702498,-0.678439332,1.288789554,-0.524620307,-0.307562727,57.61075503,-7.519704922
TCGA-BH-A0H3_1.3.6.1.4.1.14519.5.2.1.6450.4002.531706838505315052161715612461,-0.415936685,2.402988425,1.05676894,-0.380285873,0.482441165,0.341743103,0.24002759,-1.318488059,1.803254016,0.292637604,-0.400702498,-0.678439332,1.288789554,-0.524620307,-0.307562727,57.61075503,-7.519704922
TCGA-BH-A0H6_1.3.6.1.4.1.14519.5.2.1.6450.4002.106902158953202251476567856901,-0.643886204,1.434788749,-0.468306377,0.116073904,1.780680157,-0.726956554,-0.743904128,-1.108330162,1.091118516,0.852652413,0.88908915,0.740993895,-3.494918687,-1.955664426,-1.088612316,56.27698057,-6.913495381
TCGA-BH-A0H6_1.3.6.1.4.1.14519.5.2.1.6450.4002.245815385771195505203478388092,-0.643886204,1.434788749,-0.468306377,0.116073904,1.780680157,-0.726956554,-0.743904128,-1.108330162,1.091118516,0.852652413,0.88908915,0.740993895,-3.494918687,-1.955664426,-1.088612316,56.27698057,-6.913495381
TCGA-BH-A0H6_1.3.6.1.4.1.14519.5.2.1.6450.4002.308236429805943424131223362401,-0.643886204,1.434788749,-0.468306377,0.116073904,1.780680157,-0.726956554,-0.743904128,-1.108330162,1.091118516,0.852652413,0.88908915,0.740993895,-3.494918687,-1.955664426,-1.088612316,56.27698057,-6.913495381
TCGA-BH-A0H6_1.3.6.1.4.1.14519.5.2.1.6450.4002.357752316670693849962245783706,-0.643886204,1.434788749,-0.468306377,0.116073904,1.780680157,-0.726956554,-0.743904128,-1.108330162,1.091118516,0.852652413,0.88908915,0.740993895,-3.494918687,-1.955664426,-1.088612316,56.27698057,-6.913495381
TCGA-BH-A0H7_1.3.6.1.4.1.14519.5.2.1.6450.4002.259604246075405371888353334878,-0.039092124,1.496738673,-0.117653284,1.225686684,1.772999189,-1.139527018,-0.972669079,0.516586444,-0.540297136,0.227803877,0.467221212,1.546978513,-3.106362404,-0.829368614,1.424501116,56.28859146,-6.478433589
TCGA-BH-A0H7_1.3.6.1.4.1.14519.5.2.1.6450.4002.305248933960533080717790368045,-0.039092124,1.496738673,-0.117653284,1.225686684,1.772999189,-1.139527018,-0.972669079,0.516586444,-0.540297136,0.227803877,0.467221212,1.546978513,-3.106362404,-0.829368614,1.424501116,56.28859146,-6.478433589
TCGA-BH-A0H7_1.3.6.1.4.1.14519.5.2.1.6450.4002.866814955799270599302323377868,-0.039092124,1.496738673,-0.117653284,1.225686684,1.772999189,-1.139527018,-0.972669079,0.516586444,-0.540297136,0.227803877,0.467221212,1.546978513,-3.106362404,-0.829368614,1.424501116,56.28859146,-6.478433589
TCGA-BH-A0H7_1.3.6.1.4.1.14519.5.2.1.6450.4002.981724005272665845998449109976,-0.039092124,1.496738673,-0.117653284,1.225686684,1.772999189,-1.139527018,-0.972669079,0.516586444,-0.540297136,0.227803877,0.467221212,1.546978513,-3.106362404,-0.829368614,1.424501116,56.28859146,-6.478433589
TCGA-BH-A0H9_1.3.6.1.4.1.14519.5.2.1.6450.4002.188570363466378043128117088847,-0.320807732,1.242497392,0.253915057,-0.065588331,0.50406345,-0.765739272,-0.684545897,0.800635203,1.248251873,-1.834576862,0.917085881,0.268641303,0.809335634,1.662580883,1.184528333,56.82509228,-6.905749253
TCGA-BH-A0H9_1.3.6.1.4.1.14519.5.2.1.6450.4002.252936870722220370885224203900,-0.320807732,1.242497392,0.253915057,-0.065588331,0.50406345,-0.765739272,-0.684545897,0.800635203,1.248251873,-1.834576862,0.917085881,0.268641303,0.809335634,1.662580883,1.184528333,56.82509228,-6.905749253
TCGA-BH-A0H9_1.3.6.1.4.1.14519.5.2.1.6450.4002.285672372547746200804430503403,-0.320807732,1.242497392,0.253915057,-0.065588331,0.50406345,-0.765739272,-0.684545897,0.800635203,1.248251873,-1.834576862,0.917085881,0.268641303,0.809335634,1.662580883,1.184528333,56.82509228,-6.905749253
TCGA-BH-A0H9_1.3.6.1.4.1.14519.5.2.1.6450.4002.566767891010049014307607378768,-0.320807732,1.242497392,0.253915057,-0.065588331,0.50406345,-0.765739272,-0.684545897,0.800635203,1.248251873,-1.834576862,0.917085881,0.268641303,0.809335634,1.662580883,1.184528333,56.82509228,-6.905749253
TCGA-BH-A0HA_1.3.6.1.4.1.14519.5.2.1.6450.4002.188354089850374343901557159325,-0.35410707,2.465734251,-0.838845614,1.0415557,0.758371205,-0.902472427,0.879348797,-0.026319731,3.25307791,0.286714753,0.400984858,0.118407225,0.634509996,0.401335825,2.256507737,57.98218546,-8.608150135
TCGA-BH-A0HA_1.3.6.1.4.1.14519.5.2.1.6450.4002.210253742121164508742478380016,-0.35410707,2.465734251,-0.838845614,1.0415557,0.758371205,-0.902472427,0.879348797,-0.026319731,3.25307791,0.286714753,0.400984858,0.118407225,0.634509996,0.401335825,2.256507737,57.98218546,-8.608150135
TCGA-BH-A0HA_1.3.6.1.4.1.14519.5.2.1.6450.4002.229745931527095773848441858281,-0.35410707,2.465734251,-0.838845614,1.0415557,0.758371205,-0.902472427,0.879348797,-0.026319731,3.25307791,0.286714753,0.400984858,0.118407225,0.634509996,0.401335825,2.256507737,57.98218546,-8.608150135
TCGA-BH-A0HA_1.3.6.1.4.1.14519.5.2.1.6450.4002.305296355962226290490069164765,-0.35410707,2.465734251,-0.838845614,1.0415557,0.758371205,-0.902472427,0.879348797,-0.026319731,3.25307791,0.286714753,0.400984858,0.118407225,0.634509996,0.401335825,2.256507737,57.98218546,-8.608150135
TCGA-BH-A0HI_1.3.6.1.4.1.14519.5.2.1.6450.4002.103005588934585006571407333161,-0.958826817,1.137478536,-0.212130942,0.584563546,0.694293568,1.391199429,1.301113341,-0.712858187,2.116655773,0.270102708,1.144017058,-0.69559065,1.334307555,1.148692479,0.289310132,57.19986823,-7.186289857
TCGA-BH-A0HI_1.3.6.1.4.1.14519.5.2.1.6450.4002.105559783566248983414736775626,-0.958826817,1.137478536,-0.212130942,0.584563546,0.694293568,1.391199429,1.301113341,-0.712858187,2.116655773,0.270102708,1.144017058,-0.69559065,1.334307555,1.148692479,0.289310132,57.19986823,-7.186289857
TCGA-BH-A0HI_1.3.6.1.4.1.14519.5.2.1.6450.4002.186229182129301924338801531248,-0.958826817,1.137478536,-0.212130942,0.584563546,0.694293568,1.391199429,1.301113341,-0.712858187,2.116655773,0.270102708,1.144017058,-0.69559065,1.334307555,1.148692479,0.289310132,57.19986823,-7.186289857
TCGA-BH-A0HI_1.3.6.1.4.1.14519.5.2.1.6450.4002.289023604405255051077281799329,-0.958826817,1.137478536,-0.212130942,0.584563546,0.694293568,1.391199429,1.301113341,-0.712858187,2.116655773,0.270102708,1.144017058,-0.69559065,1.334307555,1.148692479,0.289310132,57.19986823,-7.186289857
TCGA-BH-A0HX_1.3.6.1.4.1.14519.5.2.1.6450.4002.177689446466065593875707979744,0.131823282,1.738426527,-0.49740341,1.235578789,1.08296052,-2.429229439,-0.023052453,0.194741719,0.563780303,-1.478733066,2.494034152,1.619253616,-1.194474609,-0.489421761,-0.562548783,57.08205276,-7.334285268
TCGA-BH-A0HX_1.3.6.1.4.1.14519.5.2.1.6450.4002.287252668759635717246725157760,0.131823282,1.738426527,-0.49740341,1.235578789,1.08296052,-2.429229439,-0.023052453,0.194741719,0.563780303,-1.478733066,2.494034152,1.619253616,-1.194474609,-0.489421761,-0.562548783,57.08205276,-7.334285268
TCGA-BH-A0HX_1.3.6.1.4.1.14519.5.2.1.6450.4002.300952693637602207932461117370,0.131823282,1.738426527,-0.49740341,1.235578789,1.08296052,-2.429229439,-0.023052453,0.194741719,0.563780303,-1.478733066,2.494034152,1.619253616,-1.194474609,-0.489421761,-0.562548783,57.08205276,-7.334285268
TCGA-BH-A0HX_1.3.6.1.4.1.14519.5.2.1.6450.4002.666899816034556992055077492082,0.131823282,1.738426527,-0.49740341,1.235578789,1.08296052,-2.429229439,-0.023052453,0.194741719,0.563780303,-1.478733066,2.494034152,1.619253616,-1.194474609,-0.489421761,-0.562548783,57.08205276,-7.334285268
TCGA-BH-A0HY_1.3.6.1.4.1.14519.5.2.1.6450.4002.289797272514870445584294144002,-0.287565837,0.847517105,-0.00204078,0.591561874,1.277838887,0.271158611,-0.789283707,1.551214902,0.944391549,0.529354866,-1.08799115,-0.767184998,0.216617944,1.303419707,0.76100962,55.66888102,-7.5715987
TCGA-BH-A0HY_1.3.6.1.4.1.14519.5.2.1.6450.4002.338897466008919956160061442834,-0.287565837,0.847517105,-0.00204078,0.591561874,1.277838887,0.271158611,-0.789283707,1.551214902,0.944391549,0.529354866,-1.08799115,-0.767184998,0.216617944,1.303419707,0.76100962,55.66888102,-7.5715987
TCGA-BH-A0HY_1.3.6.1.4.1.14519.5.2.1.6450.4002.450762706912184795525648157565,-0.287565837,0.847517105,-0.00204078,0.591561874,1.277838887,0.271158611,-0.789283707,1.551214902,0.944391549,0.529354866,-1.08799115,-0.767184998,0.216617944,1.303419707,0.76100962,55.66888102,-7.5715987
TCGA-BH-A0HY_1.3.6.1.4.1.14519.5.2.1.6450.4002.531814591857478519187684170918,-0.287565837,0.847517105,-0.00204078,0.591561874,1.277838887,0.271158611,-0.789283707,1.551214902,0.944391549,0.529354866,-1.08799115,-0.767184998,0.216617944,1.303419707,0.76100962,55.66888102,-7.5715987
TCGA-BH-A0RX_1.3.6.1.4.1.14519.5.2.1.6450.4002.102976195387890926419705647510,1.898301554,2.741321325,-0.470133716,0.327513038,-0.739101538,-0.587110519,0.660111335,-0.311617294,2.302131951,0.346035855,-0.027250105,-0.393360071,-0.255370957,-0.784551323,0.377451667,57.68566309,-6.863948149
TCGA-BH-A0RX_1.3.6.1.4.1.14519.5.2.1.6450.4002.324867520607420818000964210620,1.898301554,2.741321325,-0.470133716,0.327513038,-0.739101538,-0.587110519,0.660111335,-0.311617294,2.302131951,0.346035855,-0.027250105,-0.393360071,-0.255370957,-0.784551323,0.377451667,57.68566309,-6.863948149
TCGA-BH-A0RX_1.3.6.1.4.1.14519.5.2.1.6450.4002.337446711236981582283575071936,1.898301554,2.741321325,-0.470133716,0.327513038,-0.739101538,-0.587110519,0.660111335,-0.311617294,2.302131951,0.346035855,-0.027250105,-0.393360071,-0.255370957,-0.784551323,0.377451667,57.68566309,-6.863948149
TCGA-BH-A0RX_1.3.6.1.4.1.14519.5.2.1.6450.4002.637402384678141327427332685262,1.898301554,2.741321325,-0.470133716,0.327513038,-0.739101538,-0.587110519,0.660111335,-0.311617294,2.302131951,0.346035855,-0.027250105,-0.393360071,-0.255370957,-0.784551323,0.377451667,57.68566309,-6.863948149
TCGA-BH-A0RX_1.3.6.1.4.1.14519.5.2.1.6450.4002.726883104423638267310725697797,1.898301554,2.741321325,-0.470133716,0.327513038,-0.739101538,-0.587110519,0.660111335,-0.311617294,2.302131951,0.346035855,-0.027250105,-0.393360071,-0.255370957,-0.784551323,0.377451667,57.68566309,-6.863948149
TCGA-BH-A0W3_1.3.6.1.4.1.14519.5.2.1.6450.4002.213017737915965793632372515820,-1.327426811,-0.212329606,-0.322038928,0.242706075,-0.419777998,0.702409547,0.048759473,-1.218754449,2.142143758,-0.898218002,0.589778178,0.163226263,0.953544722,1.428328061,0.211728853,55.86027897,-7.950914889
TCGA-BH-A0W3_1.3.6.1.4.1.14519.5.2.1.6450.4002.230894777602943241100095139188,-1.327426811,-0.212329606,-0.322038928,0.242706075,-0.419777998,0.702409547,0.048759473,-1.218754449,2.142143758,-0.898218002,0.589778178,0.163226263,0.953544722,1.428328061,0.211728853,55.86027897,-7.950914889
TCGA-BH-A0W3_1.3.6.1.4.1.14519.5.2.1.6450.4002.302688381330457312059487440417,-1.327426811,-0.212329606,-0.322038928,0.242706075,-0.419777998,0.702409547,0.048759473,-1.218754449,2.142143758,-0.898218002,0.589778178,0.163226263,0.953544722,1.428328061,0.211728853,55.86027897,-7.950914889
TCGA-BH-A0W3_1.3.6.1.4.1.14519.5.2.1.6450.4002.330338660572821596231433124390,-1.327426811,-0.212329606,-0.322038928,0.242706075,-0.419777998,0.702409547,0.048759473,-1.218754449,2.142143758,-0.898218002,0.589778178,0.163226263,0.953544722,1.428328061,0.211728853,55.86027897,-7.950914889
TCGA-BH-A0W5_1.3.6.1.4.1.14519.5.2.1.6450.4002.196148886880255070396171775325,-0.172123919,2.76108757,0.318377528,0.508986451,-0.945021589,-0.705487301,-0.486103578,-1.647111792,2.416987898,-0.775609929,0.583347673,0.437658029,-0.526109972,-0.229975612,0.188231896,57.48860386,-6.80085689
TCGA-BH-A0W5_1.3.6.1.4.1.14519.5.2.1.6450.4002.299906251496581212124761028599,-0.172123919,2.76108757,0.318377528,0.508986451,-0.945021589,-0.705487301,-0.486103578,-1.647111792,2.416987898,-0.775609929,0.583347673,0.437658029,-0.526109972,-0.229975612,0.188231896,57.48860386,-6.80085689
TCGA-BH-A0W5_1.3.6.1.4.1.14519.5.2.1.6450.4002.306400366613021021630945429131,-0.172123919,2.76108757,0.318377528,0.508986451,-0.945021589,-0.705487301,-0.486103578,-1.647111792,2.416987898,-0.775609929,0.583347673,0.437658029,-0.526109972,-0.229975612,0.188231896,57.48860386,-6.80085689
TCGA-BH-A0W5_1.3.6.1.4.1.14519.5.2.1.6450.4002.409214474288577686329139243397,-0.172123919,2.76108757,0.318377528,0.508986451,-0.945021589,-0.705487301,-0.486103578,-1.647111792,2.416987898,-0.775609929,0.583347673,0.437658029,-0.526109972,-0.229975612,0.188231896,57.48860386,-6.80085689
TCGA-BH-A201_1.3.6.1.4.1.14519.5.2.1.6450.4002.194029176116045369025667413612,-0.034402379,2.346761167,0.716233215,-0.313304136,1.395188471,-0.040663939,0.199293889,-0.988040859,2.575917795,-0.246007375,0.460847806,-0.109954953,1.079142474,-1.096817241,0.405117502,58.14719456,-7.659161191
TCGA-BH-A201_1.3.6.1.4.1.14519.5.2.1.6450.4002.210941395307307667405260249005,-0.034402379,2.346761167,0.716233215,-0.313304136,1.395188471,-0.040663939,0.199293889,-0.988040859,2.575917795,-0.246007375,0.460847806,-0.109954953,1.079142474,-1.096817241,0.405117502,58.14719456,-7.659161191
TCGA-BH-A201_1.3.6.1.4.1.14519.5.2.1.6450.4002.309293214703094498493463937279,-0.034402379,2.346761167,0.716233215,-0.313304136,1.395188471,-0.040663939,0.199293889,-0.988040859,2.575917795,-0.246007375,0.460847806,-0.109954953,1.079142474,-1.096817241,0.405117502,58.14719456,-7.659161191
TCGA-BH-A201_1.3.6.1.4.1.14519.5.2.1.6450.4002.406017441209591719727082224725,-0.034402379,2.346761167,0.716233215,-0.313304136,1.395188471,-0.040663939,0.199293889,-0.988040859,2.575917795,-0.246007375,0.460847806,-0.109954953,1.079142474,-1.096817241,0.405117502,58.14719456,-7.659161191
TCGA-BH-A202_1.3.6.1.4.1.14519.5.2.1.6450.4002.273305417851860301834863846197,0.396330359,0.918256839,0.631691412,1.491354053,0.178292087,0.339952067,-0.219959514,-1.485775376,0.556546003,-1.147103205,-1.797957919,-0.423418421,-1.126769729,0.005749805,-0.335663196,56.82263268,-7.568793239
TCGA-BH-A202_1.3.6.1.4.1.14519.5.2.1.6450.4002.311886997440785924509412004168,0.396330359,0.918256839,0.631691412,1.491354053,0.178292087,0.339952067,-0.219959514,-1.485775376,0.556546003,-1.147103205,-1.797957919,-0.423418421,-1.126769729,0.005749805,-0.335663196,56.82263268,-7.568793239
TCGA-BH-A202_1.3.6.1.4.1.14519.5.2.1.6450.4002.599125710324319553597254600115,0.396330359,0.918256839,0.631691412,1.491354053,0.178292087,0.339952067,-0.219959514,-1.485775376,0.556546003,-1.147103205,-1.797957919,-0.423418421,-1.126769729,0.005749805,-0.335663196,56.82263268,-7.568793239
TCGA-BH-A202_1.3.6.1.4.1.14519.5.2.1.6450.4002.881158083757830197862392817903,0.396330359,0.918256839,0.631691412,1.491354053,0.178292087,0.339952067,-0.219959514,-1.485775376,0.556546003,-1.147103205,-1.797957919,-0.423418421,-1.126769729,0.005749805,-0.335663196,56.82263268,-7.568793239
TCGA-BH-A28Q_1.3.6.1.4.1.14519.5.2.1.6450.4002.163158233011540621387545278885,-0.951123447,1.482295191,0.491497276,0.127669594,0.286898745,0.457869775,-0.138092997,-1.67644764,1.194431022,-0.495797335,-0.96615887,-0.435048058,1.372575204,-0.041013848,-0.396503106,57.60850804,-7.989427347
TCGA-BH-A28Q_1.3.6.1.4.1.14519.5.2.1.6450.4002.172262979648132478006205092395,-0.951123447,1.482295191,0.491497276,0.127669594,0.286898745,0.457869775,-0.138092997,-1.67644764,1.194431022,-0.495797335,-0.96615887,-0.435048058,1.372575204,-0.041013848,-0.396503106,57.60850804,-7.989427347
TCGA-BH-A28Q_1.3.6.1.4.1.14519.5.2.1.6450.4002.209042508841821969949007438852,-0.951123447,1.482295191,0.491497276,0.127669594,0.286898745,0.457869775,-0.138092997,-1.67644764,1.194431022,-0.495797335,-0.96615887,-0.435048058,1.372575204,-0.041013848,-0.396503106,57.60850804,-7.989427347
TCGA-BH-A28Q_1.3.6.1.4.1.14519.5.2.1.6450.4002.328528994364269147137986628024,-0.951123447,1.482295191,0.491497276,0.127669594,0.286898745,0.457869775,-0.138092997,-1.67644764,1.194431022,-0.495797335,-0.96615887,-0.435048058,1.372575204,-0.041013848,-0.396503106,57.60850804,-7.989427347
TCGA-E2-A108_1.3.6.1.4.1.14519.5.2.1.3023.4002.326559755381458727405190840146,0.380197195,3.647488581,0.388687915,0.993678064,-0.973718621,0.236950548,0.497537599,0.122527711,3.026459135,-0.150914721,0.281110162,-0.047840449,-0.066689294,-0.162140572,-0.180872286,58.13291021,-7.68851523
TCGA-E2-A109_1.3.6.1.4.1.14519.5.2.1.3023.4002.160940039616245892067322657704,-0.339554132,0.600624542,-0.143984449,1.223521184,0.042139637,-2.487650853,-0.732302739,2.097975026,0.927789767,-0.205108776,-0.275174791,0.033668562,-1.436749868,-0.23606574,0.848380674,56.48568434,-7.767046189
TCGA-E2-A10F_1.3.6.1.4.1.14519.5.2.1.3023.4002.330524247310529780883762846195,-0.481307244,2.280866073,0.268590384,1.008100063,0.607515431,-0.558704526,-0.016180233,-1.649356026,1.978122552,0.915893667,0.696203036,-0.337723145,1.114320701,0.653449825,0.057663675,57.81967912,-8.296675676
TCGA-E2-A15I_1.3.6.1.4.1.14519.5.2.1.3023.4002.787651465077908163734363659845,-0.745368603,1.886853898,1.075609353,-0.00668423,-0.366724997,0.380019181,0.077068163,-0.918948899,2.367587543,-1.92773294,-0.388815523,0.251374833,0.400938911,2.390825838,0.20468345,57.07215921,-5.783577165
TCGA-E2-A15J_1.3.6.1.4.1.14519.5.2.1.3023.4002.334163542066760270160583497144,-0.801863364,0.054390518,-0.481064608,0.393637158,0.638121766,1.264281445,0.81004055,-1.838510075,0.603263407,0.030264345,-0.162624297,-1.198189422,0.798386125,-0.493379705,-0.468661652,55.79451547,-7.568412347
TCGA-E2-A15K_1.3.6.1.4.1.14519.5.2.1.3023.4002.300870990833507153840061471990,-0.436005586,1.216164651,-0.555306645,1.511708125,-1.098266226,0.535996495,-0.556378613,-0.379240603,0.600571136,-0.551489396,0.996393913,-0.177489447,0.824321747,1.106601094,-1.342113652,56.29501174,-6.097851656
TCGA-E2-A1B1_1.3.6.1.4.1.14519.5.2.1.3023.4002.141745203839746465193736323640,0.293780954,2.976483361,1.377213071,0.70029744,-0.071484403,-0.249310757,0.507056239,-0.393729655,3.375300969,-1.024218504,1.166664199,-0.114437794,1.023294327,-0.258771333,0.442834351,58.70804071,-6.811382976
TCGA-E2-A1B5_1.3.6.1.4.1.14519.5.2.1.3023.4002.759173403958950393246787394195,0.231210988,2.676404954,-0.432502162,0.81210219,-1.90536474,0.001531291,0.762018812,0.337452789,3.002124063,-0.415567284,0.735230732,0.357707834,0.411495542,0.246034914,-0.643988615,57.25703147,-7.346957986
TCGA-E2-A1B6_1.3.6.1.4.1.14519.5.2.1.3023.4002.329694564678532613245820312356,2.168499649,2.443956746,-1.340930241,0.531410992,-2.359336458,-0.597403396,0.323327116,-0.896905209,3.371414474,-0.67450764,0.354620574,0.141065202,0.350845197,-0.065539045,-0.228279171,56.57194327,-7.587366311
TCGA-E2-A1IE_1.3.6.1.4.1.14519.5.2.1.3023.4002.187485373067880197793511039720,-0.802917273,0.209128362,-0.134353303,-0.628088809,0.620629003,-1.921115469,-0.022268546,1.506355195,2.549595512,-0.009413774,0.362922441,0.259203626,0.212782578,0.207439234,1.043872462,56.45788819,-7.394614126
TCGA-E2-A1IG_1.3.6.1.4.1.14519.5.2.1.3023.4002.105541089901078515762414995775,-0.234652457,1.487587814,-0.237246374,0.922258751,1.731114715,-2.337681036,0.422126187,-0.304697763,0.979446664,0.359428311,0.608672845,0.005660139,0.691878618,-0.798798603,1.544492465,56.8657894,-6.856586372
TCGA-E2-A1II_1.3.6.1.4.1.14519.5.2.1.3023.4002.186286275455596795148279858229,1.813222113,0.932424101,0.368271749,0.759356179,-2.412902796,-0.079755462,0.223678501,-0.57958506,2.175249175,0.431423494,-0.44889331,-1.21552096,0.171389528,0.199318964,-1.46067768,56.4401606,-6.456936513
TCGA-E2-A1IJ_1.3.6.1.4.1.14519.5.2.1.3023.4002.325310584812517958868855161430,-0.12855874,3.080115575,0.349004852,0.637258559,1.062553859,0.448667141,0.699328799,-1.239392398,1.902039173,-0.141313671,-0.269072905,-0.510109793,1.327064029,0.979491854,0.616986037,58.11199704,-7.023119736
TCGA-E2-A1IK_1.3.6.1.4.1.14519.5.2.1.3023.4002.178627279093933326973231812622,-0.420422529,1.167804487,-0.633225771,-0.485614394,-1.08660733,-1.144333854,0.098141288,-0.486784223,2.746736008,-1.532562188,-0.181429503,0.168465299,0.322114998,-0.784375396,1.696507355,57.12989797,-6.407569213
TCGA-E2-A1IN_1.3.6.1.4.1.14519.5.2.1.3023.4002.240005218440585200735505793075,-0.496097229,1.565407302,0.093457575,1.082842738,2.063889964,-0.461728721,0.03764805,-0.93174843,-0.726846578,0.471489266,-0.31020404,0.178830632,-0.014029791,-0.165997935,0.49241278,57.40500477,-6.523205576
TCGA-E2-A1L7_1.3.6.1.4.1.14519.5.2.1.3023.4002.967976074646275591684217901552,0.221867997,1.372585789,0.011057925,0.690330368,-0.667096282,-2.596623367,1.354003087,-1.063904465,4.524148043,-1.331404618,-3.320370864,-0.21215348,0.154437195,0.795156874,0.314528294,57.71728498,-9.562116529
TCGA-E2-A1L9_1.3.6.1.4.1.14519.5.2.1.3023.4002.114601413333398682487018661430,-0.185376345,1.96050973,0.012793714,1.794824812,1.434883005,0.449187705,1.136658954,-0.800896865,1.362149088,0.093586646,0.208592163,-0.798138399,1.271800321,-0.685784437,-0.437920111,57.9592959,-6.782942956
TCGA-E2-A1LG_1.3.6.1.4.1.14519.5.2.1.3023.4002.168145279679828106372076374943,2.208446091,0.786149724,0.360168033,-0.276551663,0.675444641,-1.071891323,-0.076111423,0.353949012,1.706478328,-2.925467045,2.16904453,-0.067057275,-0.397802106,1.000018338,0.397249425,56.59829672,-5.13393133
